instance,bks
PSC1-C1-100-10,6522230
PSC1-C1-100-5,3791953
PSC1-C1-50-10,3273933
PSC1-C1-50-5,1923813
PSC1-C2-100-10,5955980
PSC1-C2-100-5,3202958
PSC1-C2-50-10,2994047
PSC1-C2-50-5,1637849
PSC1-C3-100-10,51041556
PSC1-C3-100-5,25739169
PSC1-C3-50-10,25723690
PSC1-C3-50-5,13062979
PSC1-C4-100-10,6754051
PSC1-C4-100-5,3634814
PSC1-C4-50-10,3473505
PSC1-C4-50-5,1879299
PSC1-C5-100-10,51093618
PSC1-C5-100-5,25866758
PSC1-C5-50-10,25717527
PSC1-C5-50-5,13134021
PSC2-C1-100-10,6521388
PSC2-C1-100-5,3781155
PSC2-C1-50-10,3281633
PSC2-C1-50-5,1932058
PSC2-C2-100-10,5952226
PSC2-C2-100-5,3215931
PSC2-C2-50-10,3006413
PSC2-C2-50-5,1639257
PSC2-C3-100-10,51016842
PSC2-C3-100-5,25717294
PSC2-C3-50-10,25724900
PSC2-C3-50-5,13068572
PSC2-C4-100-10,6749386
PSC2-C4-100-5,3632900
PSC2-C4-50-10,3468677
PSC2-C4-50-5,1881687
PSC2-C5-100-10,51079935
PSC2-C5-100-5,25753189
PSC2-C5-50-10,25637410
PSC2-C5-50-5,13077855
PSC3-C1-100-10,6520109
PSC3-C1-100-5,3788935
PSC3-C1-50-10,3278805
PSC3-C1-50-5,1932525
PSC3-C2-100-10,5956768
PSC3-C2-100-5,3214679
PSC3-C2-50-10,3005927
PSC3-C2-50-5,1639186
PSC3-C3-100-10,50971064
PSC3-C3-100-5,25581309
PSC3-C3-50-10,25620849
PSC3-C3-50-5,12993637
PSC3-C4-100-10,6750915
PSC3-C4-100-5,3640496
PSC3-C4-50-10,3469526
PSC3-C4-50-5,1879770
PSC3-C5-100-10,51030227
PSC3-C5-100-5,25801967
PSC3-C5-50-10,25709498
PSC3-C5-50-5,13124987
PSC4-C1-100-10,6532939
PSC4-C1-100-5,3780738
PSC4-C1-50-10,3280108
PSC4-C1-50-5,1910011
PSC4-C2-100-10,5966485
PSC4-C2-100-5,3225899
PSC4-C2-50-10,3006242
PSC4-C2-50-5,1644747
PSC4-C3-100-10,51052915
PSC4-C3-100-5,25748929
PSC4-C3-50-10,25721003
PSC4-C3-50-5,13067059
PSC4-C4-100-10,6756103
PSC4-C4-100-5,3619326
PSC4-C4-50-10,3461825
PSC4-C4-50-5,1875020
PSC4-C5-100-10,51105228
PSC4-C5-100-5,25870231
PSC4-C5-50-10,25711846
PSC4-C5-50-5,13136304
PSC5-C1-100-10,6541321
PSC5-C1-100-5,3800805
PSC5-C1-50-10,3275726
PSC5-C1-50-5,1896699
PSC5-C2-100-10,5940591
PSC5-C2-100-5,3204528
PSC5-C2-50-10,3002662
PSC5-C2-50-5,1640702
PSC5-C3-100-10,50994136
PSC5-C3-100-5,25677344
PSC5-C3-50-10,25673618
PSC5-C3-50-5,13029230
PSC5-C4-100-10,6746728
PSC5-C4-100-5,3635451
PSC5-C4-50-10,3468948
PSC5-C4-50-5,1877115
PSC5-C5-100-10,51049870
PSC5-C5-100-5,25814142
PSC5-C5-50-10,25675802
PSC5-C5-50-5,13096549
